,0
0,0.99365807
1,1.1914148
2,3.7765563
3,2.009366
4,0.953117
5,1.284939
6,2.624605
7,1.8063889
8,4.0900745
9,1.7571948
10,0.67734945
11,1.7894821
12,4.5007024
13,0.73018146
14,0.56598985
15,4.0735006
16,4.8503494
17,1.5606244
18,1.5776279
19,0.9021599
20,0.7614832
21,5.027311
22,3.2826314
23,1.2060256
24,1.2959243
25,2.5027084
26,0.97430146
27,0.8536805
28,0.6243464
29,1.1140958
30,1.8765486
31,5.031872
32,0.5856179
33,0.9997647
34,4.026279
35,4.0180736
36,2.92922
37,2.050122
38,2.8193102
39,1.9209005
40,5.021377
41,3.6109128
42,3.4175863
43,2.9212177
44,5.02813
45,1.3801886
46,0.60025144
47,3.1589928
48,1.4429547
49,1.0964204
50,3.7833138
51,5.021345
52,0.73241043
53,0.9951364
54,2.8212478
55,2.3509817
56,2.759837
57,2.7147715
58,0.5512314
59,1.7103786
60,1.6750826
61,0.7962934
62,1.1250188
63,0.81885564
64,0.8782736
65,1.5063692
66,1.6581533
67,1.9891261
68,1.1674147
69,2.7301645
70,0.75262904
71,3.8578908
72,1.5959175
73,2.1825018
74,1.5998063
75,3.7741148
76,0.9618881
77,1.5856501
78,2.595464
79,1.4025015
80,5.02631
81,1.3414785
82,4.3247046
83,0.99962234
84,1.2557296
85,1.1423155
86,2.115112
87,3.3865385
88,2.311107
89,1.5900283
90,1.3860596
91,2.567095
92,1.504578
93,3.212124
94,1.9667252
95,1.5960534
96,1.2296177
97,2.1133733
98,1.3096688
99,2.4634798
100,2.6289911
101,0.958403
102,4.4684258
103,1.6644443
104,3.3181806
105,1.7527571
106,1.3012606
107,2.0587795
108,1.3697389
109,0.75256276
110,1.1571014
111,1.4751569
112,3.7451782
113,1.2690257
114,3.8078077
115,3.5064697
116,4.452415
117,1.0998927
118,2.5399547
119,1.1280961
120,2.884758
121,2.398026
122,1.8719677
123,1.0224447
124,1.7290989
125,5.022546
126,1.8198235
127,3.2235408
128,1.1305006
129,2.5501766
130,2.2733004
131,1.4331422
132,0.9613179
133,0.8724643
134,3.1124268
135,1.43498
136,5.0241013
137,2.6947768
138,2.3269498
139,0.5065786
140,5.0269647
141,2.7650232
142,0.5902833
143,1.8466189
144,1.6564134
145,1.7702676
146,2.4453547
147,1.5071845
148,1.2552866
149,0.72721183
150,1.5832947
151,1.4452386
152,3.1316707
153,1.2332152
154,1.9269896
155,1.1656517
156,0.6389446
157,0.8676609
158,3.5000994
159,5.026987
160,0.88140774
161,0.5780863
162,2.9938781
163,1.006176
164,2.05992
165,2.2389455
166,1.8064188
167,1.600065
168,2.1926026
169,2.3940768
170,2.033299
171,2.7736742
172,0.7422881
173,2.2589827
174,3.9642987
175,1.4592875
176,3.3094602
177,2.2754533
178,5.0379066
179,1.9895155
180,2.5984008
181,3.4972248
182,3.0414574
183,5.0338387
184,1.1150354
185,5.0252056
186,2.2348654
187,2.1589196
188,1.361858
189,1.5800159
190,4.1434593
191,3.9770007
192,0.65592766
193,3.3786242
194,3.2823193
195,2.3183706
196,1.614002
197,4.858588
198,0.7309178
199,5.0226946
200,1.4203535
201,1.2342335
202,1.5090666
203,1.415622
204,1.9274983
205,3.894328
206,2.8668246
207,0.53613186
208,2.3995466
209,0.89326835
210,0.5605993
211,2.1349618
212,1.8812722
213,0.9121634
214,1.676433
215,1.6254104
216,5.032385
217,2.2087586
218,0.6738342
219,0.9956387
220,0.71424115
221,2.390576
222,1.3592225
223,4.344164
224,0.579067
225,2.4864068
226,1.7233611
227,0.8850844
228,1.2428008
229,1.9610106
230,1.298364
231,2.7609367
232,4.468507
233,1.8769217
234,1.1963834
235,1.6598604
236,1.2650675
237,4.518627
238,1.8755926
239,5.0217695
240,0.79039526
241,0.97186565
242,0.6620265
243,3.757169
244,3.7655485
245,1.7460626
246,1.3840715
247,1.6456608
248,0.46289495
249,0.6051072
250,0.83085704
251,3.6173332
252,1.2911187
253,2.1515048
254,3.821382
255,2.571867
256,2.189042
257,2.0284963
258,3.0469542
259,3.5519269
260,1.3526955
261,0.90435934
262,1.6003286
263,1.7767335
264,1.8051778
265,1.3640772
266,1.433237
267,2.5588138
268,0.9165776
269,4.4390383
270,2.3861248
271,2.1604462
272,0.98674333
273,4.114383
274,2.4046066
275,2.0493042
276,2.6184256
277,3.5901194
278,0.6108005
279,0.9896288
280,2.2681108
281,1.7695012
282,1.4975134
283,1.3650106
284,1.6661363
285,1.1074766
286,1.2323626
287,1.7921268
288,1.5372628
289,2.7321174
290,1.343194
291,2.625857
292,5.02458
293,3.3926592
294,0.8098092
295,5.0286827
296,3.0100307
297,1.7535223
298,0.65272427
299,2.699451
300,2.5421467
301,1.8867539
302,5.0263453
303,1.3247217
304,1.1430745
305,3.2110858
306,1.8535675
307,1.226468
308,2.4233956
309,2.3213115
310,1.5396686
311,2.9852417
312,0.6617371
313,0.69687665
314,1.3998758
315,0.5147972
316,5.0282826
317,1.8917938
318,1.3203006
319,3.0565677
320,4.1891932
321,4.5222416
322,0.87571526
323,1.5560952
324,1.3857653
325,2.7510836
326,2.318541
327,2.3995435
328,4.8861666
329,2.43434
330,1.108304
331,2.8206496
332,1.9623169
333,3.2565475
334,0.9803523
335,2.755229
336,1.5682422
337,0.79565656
338,0.69479156
339,2.4096937
340,1.7106067
341,0.86546636
342,3.243396
343,1.6137173
344,2.770894
345,5.028592
346,2.5720289
347,2.3413794
348,3.1841419
349,0.7496278
350,1.7143437
351,1.7883689
352,2.4624872
353,1.2526493
354,1.5693455
355,0.71898365
356,2.695323
357,4.0102158
358,2.4074101
359,1.2552621
360,1.9123491
361,2.5798993
362,2.3686762
363,2.1377044
364,0.7540214
365,1.2020496
366,2.093902
367,2.457927
368,1.9621477
369,4.4241705
370,4.232195
371,0.818316
372,1.0042928
373,5.0271845
374,2.2340431
375,2.137909
376,1.6280061
377,2.3744295
378,0.6788522
379,2.9777935
380,1.2384082
381,2.6145928
382,2.3294158
383,1.1387124
384,1.6712456
385,1.9328259
386,1.5998476
387,1.7215698
388,3.4796863
389,1.6315303
390,0.7411959
391,5.0299716
392,1.3140905
393,1.9112779
394,1.6840682
395,1.9923867
396,0.7940545
397,2.645861
398,4.2184715
399,0.5672062
400,1.43689
401,3.4858193
402,1.6802455
403,1.3656486
404,1.1860964
405,1.9817497
406,1.4156556
407,1.9572796
408,2.9124622
409,4.765339
410,2.5357122
411,1.2022504
412,1.9256049
413,2.9113052
414,1.1305224
415,0.6776626
416,1.7416838
417,5.0274887
418,1.6227522
419,0.6277294
420,1.690098
421,4.312558
422,1.7056819
423,4.2901115
424,0.74885523
425,3.5779114
426,3.5365164
427,1.5922934
428,2.5019057
429,1.757701
430,2.4295516
431,3.2689145
432,2.6817455
433,3.5133543
434,2.13522
435,1.063536
436,2.302135
437,1.4336265
438,4.894229
439,2.0488505
440,4.444869
441,0.95553815
442,1.4420949
443,2.8602886
444,4.624771
445,1.1387962
446,0.80308414
447,2.48869
448,0.9933256
449,3.1772156
450,1.5867313
451,2.625919
452,0.9695842
453,1.3825369
454,4.4125566
455,1.6258128
456,1.6476852
457,1.1432445
458,2.1467955
459,0.52761424
460,3.3419266
461,3.3070722
462,2.2623591
463,0.7771442
464,0.9235735
465,3.5710418
466,3.431004
467,1.7570019
468,1.8367409
469,1.6897714
470,1.6897999
471,0.43603376
472,1.5008014
473,4.41876
474,2.4736724
475,1.520526
476,0.9235153
477,1.3262581
478,1.8401722
479,1.5719614
480,5.025071
481,3.6028152
482,1.4395272
483,0.9443915
484,1.6691611
485,0.94720805
486,1.5560788
487,4.506173
488,1.5251869
489,3.413821
490,2.4695566
491,2.3469877
492,2.4846926
493,1.5356511
494,1.0476584
495,1.5723642
496,1.6282116
497,3.1009767
498,0.3180798
499,0.8767388
500,2.2699177
501,2.7432408
502,2.0385482
503,2.7624588
504,1.680674
505,2.6745095
506,1.8397583
507,0.89325166
508,2.419499
509,2.509344
510,2.7215016
511,3.3749716
512,0.9099482
513,3.621284
514,2.2615004
515,0.61358654
516,2.4608965
517,1.6290053
518,1.0007465
519,1.917974
520,1.5050536
521,3.6765919
522,1.744496
523,4.728496
524,2.0541701
525,5.0252595
526,0.9795151
527,0.5592879
528,1.6484327
529,0.51960266
530,1.1145748
531,2.5516794
532,1.6777545
533,1.2994237
534,0.8966721
535,2.4989126
536,1.7943377
537,1.8638748
538,2.4197867
539,1.7551253
540,0.7012975
541,2.5232089
542,1.3543115
543,0.88937116
544,1.0364518
545,2.3928034
546,2.8285074
547,0.8746439
548,1.5279362
549,2.754197
550,3.6852272
551,1.5491103
552,0.8168032
553,2.2018578
554,1.7560334
555,2.6359527
556,2.5260172
557,1.2477452
558,1.4139122
559,2.0878172
560,2.5729105
561,0.577472
562,4.5369596
563,1.3397607
564,1.6519988
565,1.8699607
566,1.3788673
567,1.6552261
568,3.0268998
569,5.028398
570,1.8180788
571,3.3753996
572,1.5820265
573,3.6470835
574,1.5159978
575,3.4060566
576,1.9019209
577,1.7162236
578,1.6313757
579,1.7578675
580,1.7892245
581,1.7029957
582,2.7376957
583,4.2250586
584,0.8166257
585,2.4137344
586,0.8004432
587,3.1428707
588,1.746839
589,2.0015075
590,1.5328242
591,2.9563906
592,1.729203
593,1.1973147
594,1.4906571
595,3.012741
596,0.92461836
597,2.021217
598,0.9154067
599,1.6870493
600,0.5703553
601,2.8421783
602,1.1225892
603,2.2328713
604,1.0376167
605,0.6770376
606,2.496327
607,1.3699523
608,1.8403683
609,0.98791766
610,5.0253725
611,3.6464405
612,0.6472317
613,5.032276
614,4.704924
615,1.6345955
616,1.6244379
617,1.9164022
618,1.0943619
619,5.0355787
620,2.3734577
621,1.21011
622,1.493728
623,0.96093774
624,1.7172405
625,1.8486829
626,3.0765336
627,0.6586077
628,1.5978334
629,0.5303907
630,0.690274
631,2.0549436
632,1.1783478
633,1.2526312
634,3.3259268
635,1.9006157
636,0.875757
637,2.0090995
638,5.0254717
639,2.3341582
640,1.6235303
641,1.9773202
642,1.4119722
643,2.7426271
644,0.6816313
645,1.881156
646,1.3699244
647,1.8370239
648,0.65351975
649,2.1586866
650,1.3940963
651,0.7902695
652,2.9366517
653,1.25461
654,1.8609946
655,1.6882238
656,3.2094858
657,3.5850163
658,2.2549706
659,2.031741
660,2.9924448
661,2.2941444
662,2.099733
663,1.7784534
664,2.1782227
665,0.6455817
666,1.5561348
667,1.6907763
668,1.930041
669,1.0513011
670,2.3945916
671,0.94516957
672,2.2198768
673,0.9584596
674,1.8510028
675,4.3254356
676,1.3338785
677,2.5039856
678,2.4975133
679,1.0322906
680,3.4219048
681,0.807991
682,1.8791052
683,1.7303172
684,0.8586992
685,3.9538147
686,1.2117217
687,1.6030508
688,0.6766217
689,0.82736504
690,0.5256572
691,4.400131
692,3.7017603
693,4.678469
694,1.4054756
695,1.5176069
696,2.625447
697,1.6435815
698,2.720473
699,1.6640472
700,1.0478872
701,0.8402113
702,2.9466112
703,1.5304849
704,3.81274
705,3.0819817
706,0.9906695
707,2.9010258
708,2.8335845
709,2.2729611
710,2.2854543
711,1.1841764
712,0.6725321
713,2.9077234
714,5.0247645
715,3.3365726
716,0.6606394
717,0.70499897
718,0.72560596
719,1.7563893
720,0.8966788
721,1.2139039
722,1.4533758
723,0.88226545
724,0.8645638
725,1.1281459
726,2.507532
727,2.8371677
728,1.038318
729,0.6842493
730,2.4947293
731,0.7732539
732,3.226231
733,1.7299926
734,4.6873035
735,0.7154608
736,2.8351498
737,1.3961457
738,1.1855043
739,2.061154
740,2.5868583
741,1.6325668
742,1.0531409
743,2.1038911
744,1.2507513
745,1.8019159
746,1.6201943
747,0.5999491
748,1.1280633
749,0.49026972
750,0.95763564
751,3.4689367
752,0.8689382
753,1.6044251
754,3.0867953
755,5.017275
756,5.0253263
757,2.416612
758,3.1297035
759,1.9745518
760,1.2902405
761,1.125615
762,5.026159
763,1.0593606
764,0.770427
765,1.4018682
766,1.9251763
767,2.7819757
768,2.427569
769,0.91743946
770,2.959979
771,2.4289107
772,1.6331562
773,0.7334751
774,1.9842643
775,1.4172912
776,1.4985019
777,2.2203274
778,0.5383156
779,2.1980114
780,2.6509511
781,2.8757348
782,0.5410273
783,2.4149218
784,2.0044594
785,0.8708199
786,2.2799795
787,1.4588283
788,3.9617722
789,2.0542865
790,1.0225592
791,3.086303
792,1.9440742
793,0.94163036
794,1.5772313
795,2.0019777
796,2.1051526
797,0.79272044
798,2.2454963
799,1.6361098
800,5.026329
801,2.70908
802,3.4475844
803,1.1905465
804,2.7159662
805,1.1560081
806,1.881677
807,2.1482065
808,0.8478663
809,1.1220287
810,0.8416791
811,1.5879321
812,1.966648
813,1.5416582
814,0.8769767
815,0.6134008
816,1.6670444
817,0.8755667
818,1.4375777
819,0.90999293
820,1.9544276
821,1.4427077
822,1.575013
823,0.8896327
824,2.222933
825,1.1354975
826,2.865634
827,1.6733183
828,2.8019276
829,5.026413
830,1.3158532
831,0.8797139
832,1.419189
833,3.3652759
834,0.86451113
835,2.2762332
836,2.327047
837,1.3287975
838,2.7755742
839,3.0686758
840,1.5874532
841,2.7171736
842,2.2554536
843,1.3319616
844,2.3908124
845,1.4125943
846,1.3264105
847,1.5146511
848,5.0240736
849,0.67138994
850,1.829723
851,2.6562843
852,1.0197918
853,2.0108676
854,0.8380401
855,1.5228833
856,3.5191684
857,3.9312887
858,0.7032175
859,1.3309693
860,5.0334744
861,1.2325387
862,1.2553612
863,1.2843422
864,2.1531303
865,1.7483393
866,1.9744707
867,2.2873895
868,3.5384624
869,1.2349181
870,1.3248587
871,1.678588
872,1.4287257
873,4.772949
874,1.8705282
875,4.5996075
876,2.7851303
877,1.3820529
878,2.4341097
879,1.6245931
880,5.0240073
881,1.3899273
882,0.65546274
883,0.8355818
884,1.4632105
885,1.3397871
886,5.0206976
887,1.658265
888,1.499674
889,3.6062033
890,0.731477
891,5.0316596
892,0.5229454
893,1.3310069
894,1.7713444
895,3.7834144
896,2.7173572
897,2.8918734
898,0.9233341
899,4.49072
900,1.1240668
901,1.1126056
902,1.3360515
903,0.99553394
904,1.608216
905,1.5527973
906,2.3535943
907,2.2055898
908,2.1570742
909,1.4364121
910,1.9312359
911,1.7598083
912,0.9493121
913,1.0804374
914,2.4380934
915,5.024124
916,3.1051443
917,2.468984
918,1.7138885
919,4.017372
920,0.5837822
921,0.78212285
922,1.543143
923,1.0338862
924,1.5128676
925,1.9116808
926,3.829801
927,1.2912782
928,5.0267735
929,5.025613
930,2.4807897
931,2.4407518
932,1.5554712
933,1.3199675
934,3.733561
935,1.2859697
936,2.942805
937,0.7834958
938,2.5663831
939,1.5605779
940,0.57639503
941,2.4927573
942,2.0617504
943,1.1272413
944,2.6210263
945,1.8223027
946,1.894723
947,1.1170007
948,3.4579048
949,1.8384967
950,2.0988684
951,2.7674062
952,1.2312698
953,2.823972
954,1.9261979
955,1.9436477
956,0.8976414
957,1.7894944
958,1.237778
959,1.4442043
960,1.5939114
961,1.7434475
962,1.759619
963,3.667562
964,1.624294
965,1.3662889
966,2.2815943
967,2.8816817
968,4.4076962
969,3.084897
970,1.0806448
971,1.3906825
972,5.0201564
973,2.8110757
974,1.4962631
975,2.4635005
976,4.8739214
977,1.0167234
978,0.49723008
979,2.9001396
980,1.9046692
981,2.7001667
982,2.4329386
983,1.811147
984,3.444157
985,1.8200213
986,5.0266113
987,2.955538
988,5.0258813
989,4.5740914
990,2.225341
991,2.0606225
992,5.0252056
993,1.8800396
994,1.5658021
995,5.0227532
996,2.0427263
997,0.6885799
998,2.653604
999,1.6054767
1000,2.054147
1001,0.7428061
1002,2.43266
1003,3.0978243
1004,0.85495067
1005,1.9834474
1006,1.7407085
1007,0.95049846
1008,1.6623601
1009,1.3442686
1010,3.767459
1011,0.8891845
1012,4.3104353
1013,2.8680105
1014,2.3782573
1015,1.6116997
1016,1.114476
1017,2.6774871
1018,0.99059963
1019,3.653614
1020,2.7968497
1021,3.9066825
1022,1.5600833
1023,1.9062355
1024,2.8837223
1025,2.2740576
1026,1.1356237
1027,0.8426088
1028,2.015035
1029,1.1933813
1030,4.0057144
1031,1.2001965
1032,3.3493698
1033,3.6321483
1034,1.8852941
1035,2.366977
1036,4.9078164
1037,2.054659
1038,1.1104864
1039,5.021452
1040,3.9725497
1041,0.47677243
1042,2.1687539
1043,3.488485
1044,0.93344915
1045,4.5519886
1046,4.603937
1047,3.262931
1048,1.1052445
1049,1.3406965
1050,2.7616506
1051,2.5478053
1052,1.7587025
1053,2.5982041
1054,1.7791933
1055,1.0835782
1056,3.2683525
1057,0.97142816
1058,3.2253225
1059,4.6878095
1060,5.0317554
1061,1.430429
1062,1.6671815
1063,1.4770403
1064,3.9283886
1065,1.5080335
1066,2.2613797
1067,1.8599739
1068,1.6181844
1069,2.649644
1070,4.446627
1071,1.9751915
1072,1.4939053
1073,1.7152302
1074,0.65582764
1075,1.668401
1076,0.7303746
1077,0.6871011
1078,2.5931242
1079,5.0312557
1080,5.0281415
1081,3.2996714
1082,0.90529764
1083,3.0389395
1084,2.6709611
1085,1.0287137
1086,2.6109033
1087,0.6038785
1088,0.4862132
1089,2.4646802
1090,2.387755
1091,2.6719046
1092,1.1617224
1093,1.6290368
1094,3.5133405
1095,0.64163494
1096,2.1071754
1097,1.9702277
1098,2.531873
1099,0.5445192
1100,1.8877205
1101,0.9061564
1102,0.6888164
1103,2.1810277
1104,1.0708156
1105,1.977564
1106,0.9450691
1107,2.1152637
1108,0.6465237
1109,2.0903778
1110,1.8374778
1111,1.1240634
1112,1.1879553
1113,1.9640081
1114,1.8387376
1115,3.4413843
1116,1.9368275
1117,1.632615
1118,2.3601143
1119,1.8823009
1120,2.6373968
1121,1.7352961
1122,2.16991
1123,1.579484
1124,1.9039541
1125,3.4721522
1126,1.6344588
1127,2.119618
1128,3.9267907
1129,1.6719592
1130,2.416158
1131,1.5830957
1132,2.4434123
1133,5.0251207
1134,0.53190506
1135,1.5215305
1136,1.3743249
1137,3.6513548
1138,1.6326615
1139,0.92073476
1140,0.6260519
1141,1.5052722
1142,1.6862667
1143,1.8842984
1144,0.9175794
1145,2.3713994
1146,1.9664885
1147,2.613524
1148,1.169454
1149,1.4719237
1150,1.7579565
1151,2.2547903
1152,1.107519
1153,2.3075712
1154,1.9135803
1155,1.7984236
1156,2.3459713
1157,2.664291
1158,1.6617433
1159,1.5663805
1160,0.80427444
1161,1.9441234
1162,1.0255181
1163,3.498613
1164,1.5074496
1165,0.7866242
1166,0.9124843
1167,2.739058
1168,1.573354
1169,5.023617
1170,4.6843953
1171,1.5251143
1172,1.0453172
1173,1.6614923
1174,5.0218186
1175,1.8620982
1176,1.4320252
1177,2.037904
1178,1.4952185
1179,1.298122
1180,5.0234566
1181,1.6748616
1182,1.5273751
1183,0.99265647
1184,2.452967
1185,0.8432368
1186,2.082703
1187,1.6311077
1188,5.0253086
1189,2.9219544
1190,3.1562986
1191,0.47170106
1192,2.5424583
1193,0.7106701
1194,1.6360081
1195,2.1043444
1196,5.0221815
1197,1.4711046
1198,1.3569585
1199,4.810439
1200,1.2662013
1201,1.8812217
1202,2.8477051
1203,1.5910089
1204,1.5487128
1205,5.033944
1206,5.028183
1207,4.835973
1208,1.5944506
1209,5.0265226
1210,1.1925844
1211,2.661007
1212,5.028142
1213,2.1563497
1214,2.0953493
1215,1.1819057
1216,1.8521111
1217,0.58530164
1218,1.7459619
1219,1.3917484
1220,3.7671938
1221,0.8561981
1222,3.348263
1223,2.3900137
1224,0.562788
1225,2.038449
1226,0.9163655
1227,2.7688813
1228,1.4161537
1229,1.9144123
1230,0.90392864
1231,1.2398506
1232,0.55066466
1233,1.5053489
1234,1.7068053
1235,1.8780149
1236,1.5289395
1237,1.8402797
1238,1.0056969
1239,1.0439086
1240,1.4135896
1241,2.2074337
1242,1.2510158
1243,3.6432972
1244,2.1073794
1245,1.5572032
1246,1.3860672
1247,1.4510397
1248,5.024435
1249,2.4335485
1250,2.9668493
1251,3.3575926
1252,2.3382783
1253,2.447679
1254,0.64263403
1255,3.4321632
1256,0.76617444
1257,1.5585426
1258,0.884056
1259,1.9384671
1260,0.5349711
1261,2.26224
1262,0.6339096
1263,1.1412113
1264,1.0469586
1265,2.2476008
1266,1.0820551
1267,1.7669374
1268,2.4603257
1269,2.9261463
1270,1.8183814
1271,0.9425552
1272,3.725161
1273,3.7053182
1274,2.0105774
1275,3.167248
1276,2.0346084
1277,1.7388723
1278,3.3258579
1279,1.40732
1280,2.7955725
1281,4.902503
1282,1.3879327
1283,1.6023666
1284,1.115925
1285,2.7391882
1286,5.0393543
1287,1.3642619
1288,3.0814562
1289,1.980172
1290,2.0453582
1291,1.8974324
1292,2.1071763
1293,3.480511
1294,0.60035944
1295,0.6386006
1296,2.9508638
1297,2.887422
1298,2.8228
1299,1.0403116
1300,2.4995317
1301,0.5361663
1302,5.0288496
1303,1.5220196
1304,1.9093691
1305,1.6415085
1306,2.4696777
1307,1.5870515
1308,3.2264967
1309,1.9497459
1310,1.7095357
1311,2.6260843
1312,5.029312
1313,1.1317952
1314,0.49140334
1315,5.032143
1316,0.8537605
1317,2.3331614
1318,3.4127703
1319,1.4949597
1320,4.678799
1321,1.6671138
1322,1.0017385
1323,3.0326586
1324,3.8293104
1325,1.0810665
1326,1.5040377
1327,0.95839226
1328,3.7391973
1329,0.45588404
1330,1.4299549
1331,1.7826577
1332,1.6771007
1333,1.9841527
1334,0.72808945
1335,0.5847131
1336,2.7763047
1337,5.0261765
1338,1.0549275
1339,2.305922
1340,2.9365582
1341,3.3773146
1342,0.6883497
1343,1.2585499
1344,2.574894
1345,3.60951
1346,2.6539798
1347,2.354222
1348,1.7925149
1349,2.902907
1350,2.4088674
1351,2.6727545
1352,1.6176932
1353,1.9104774
1354,1.1646287
1355,0.71356654
1356,1.7407914
1357,2.7327244
1358,5.034406
1359,3.6475592
1360,2.5946074
1361,1.7733792
1362,1.1972469
1363,1.5626315
1364,5.025819
1365,1.2545589
1366,3.4425867
1367,1.4648198
1368,1.619248
1369,0.7208655
1370,2.1175358
1371,1.2844359
1372,0.52070796
1373,1.0066898
1374,2.8655534
1375,1.9217755
1376,1.1744596
1377,1.8117783
1378,2.8342216
1379,0.72649586
1380,0.7173351
1381,5.0284233
1382,1.1311698
1383,1.122928
1384,1.3499252
1385,1.754927
1386,3.2423563
1387,2.7626355
1388,0.4369682
1389,0.7018502
1390,1.5760729
1391,1.7015704
1392,2.4930475
1393,2.1308963
1394,2.9432762
1395,1.4906664
1396,2.3490055
1397,0.9623307
1398,1.2236756
1399,3.5589669
1400,1.834743
1401,1.8704368
1402,1.1340522
1403,2.8665566
1404,2.0082078
1405,4.233226
1406,3.1533794
1407,3.10596
1408,1.3425213
1409,2.1605346
1410,2.2724185
1411,3.8980196
1412,1.1841638
1413,1.0474671
1414,2.0257483
1415,2.2693431
1416,5.0313334
1417,1.71811
1418,2.1422458
1419,0.6023855
1420,3.7303069
1421,2.185775
1422,1.379765
1423,1.8087002
1424,0.8098196
1425,1.1083384
1426,2.9174733
1427,1.4092308
1428,1.1294353
1429,5.0239744
1430,0.83087456
1431,1.6765348
1432,0.8823737
1433,1.5869373
1434,1.5318824
1435,2.8179293
1436,1.0459296
1437,1.6601825
1438,1.7511116
1439,2.1930993
1440,1.2299881
1441,1.6323508
1442,1.6925657
1443,1.4575994
1444,2.3682792
1445,1.1486816
1446,2.4888
1447,0.97442913
1448,2.8473282
1449,1.5078875
1450,2.7348886
1451,1.498483
1452,1.1319275
1453,2.5708356
1454,2.7888901
1455,4.1400075
1456,1.6006453
1457,0.95531785
1458,1.8617568
1459,1.5318829
1460,2.2672427
1461,2.2204845
1462,2.426198
1463,1.9182242
1464,5.034632
1465,2.473204
1466,2.119569
1467,2.8139043
1468,1.6230887
1469,1.1698602
1470,1.4996488
1471,1.0314696
1472,1.5998456
1473,1.6743726
1474,1.7520555
1475,3.223984
1476,0.7084743
1477,5.0263615
1478,1.6999378
1479,1.6840937
1480,1.963087
1481,0.79859746
1482,1.6129924
1483,1.6478665
1484,0.52904
1485,1.3105612
1486,0.94442856
1487,3.687837
1488,4.383721
1489,2.5119348
1490,1.9014004
1491,0.5481044
1492,1.2281605
1493,3.8871055
1494,4.257412
1495,3.2689207
1496,5.0315495
1497,0.57021964
1498,1.8501575
1499,0.9043617
1500,0.5984558
1501,0.8899121
1502,1.6565146
1503,2.285079
1504,1.0941223
1505,4.620303
1506,0.9587742
1507,1.5098454
1508,2.9903588
1509,2.7774432
1510,3.0334058
1511,1.5906712
1512,4.26652
1513,1.632323
1514,5.022287
1515,2.3472035
1516,2.3880281
1517,1.8201042
1518,2.772364
1519,0.74103856
1520,3.0110226
1521,3.6665735
1522,3.7363522
1523,0.9268825
1524,5.0286026
1525,1.5180942
1526,1.1429871
1527,1.0815227
1528,1.2675325
1529,1.5799266
1530,1.676548
1531,0.7823868
1532,2.6483276
1533,1.0496168
1534,1.7186536
1535,0.3946314
1536,1.7167523
1537,1.1430697
1538,1.4118624
1539,0.9829483
1540,0.7328212
1541,2.3434677
1542,1.2533139
1543,5.02331
1544,2.769191
1545,3.5573397
1546,5.025214
1547,2.0955126
1548,5.022913
1549,3.471644
1550,1.5932872
1551,0.6053746
1552,1.5932972
1553,2.089979
1554,1.7253331
1555,4.5356674
1556,4.582302
1557,5.031158
1558,0.9842317
1559,1.8796576
1560,1.5655421
1561,1.8467771
1562,1.2609379
1563,1.7891666
1564,3.8846483
1565,1.4721398
1566,5.0325303
1567,2.1767066
1568,0.4649577
1569,4.0504723
1570,1.4613957
1571,2.1287823
1572,0.91573334
1573,0.8694985
1574,1.7299592
1575,1.2897455
1576,1.1485343
1577,2.1087298
1578,2.7480023
1579,2.0270844
1580,1.3240429
1581,1.5070726
1582,3.3743985
1583,1.413666
1584,1.9846354
1585,1.298585
1586,2.765353
1587,2.6741517
1588,0.9704081
1589,2.1812956
1590,3.1130302
1591,2.9339185
1592,1.7203357
1593,2.7061687
1594,0.7333741
1595,2.700318
1596,0.966473
1597,1.8686823
1598,1.6446407
1599,0.5899079
1600,2.2226043
1601,1.8634096
1602,2.9001267
1603,1.5209391
1604,3.0879188
1605,1.186494
1606,0.60796916
1607,3.3443828
1608,0.61668694
1609,1.6399391
1610,3.5544329
1611,1.9150543
1612,2.5572164
1613,3.9347796
1614,1.905206
1615,3.1016743
1616,3.2858264
1617,2.4357495
1618,2.6105185
1619,0.992507
1620,0.95794904
1621,0.9594537
1622,3.3107677
1623,2.4593108
1624,2.690356
1625,0.67921865
1626,1.5746051
1627,1.039013
1628,4.0300393
1629,2.1636412
1630,2.5089865
1631,5.0306625
1632,1.9372156
1633,3.3690255
1634,2.206628
1635,2.2885528
1636,1.4108341
1637,1.9822447
1638,0.5932025
1639,4.4189596
1640,0.6997435
1641,1.9124693
1642,1.8387976
1643,1.9031739
1644,0.6132989
1645,1.2249714
1646,1.3199573
1647,1.8591961
1648,2.0730746
1649,1.0198113
1650,3.7876117
1651,2.2979336
1652,2.8244674
1653,1.1776075
1654,2.1121442
1655,2.2679636
1656,3.7892413
1657,4.1928825
1658,2.396132
1659,2.303954
1660,4.5968456
1661,1.6015725
1662,5.0225186
1663,1.128285
1664,1.1611224
1665,1.2109345
1666,2.0896425
1667,2.589667
1668,3.6917944
1669,0.90467405
1670,3.776201
1671,0.989887
1672,1.5652541
1673,1.0938852
1674,3.7062674
1675,3.2771702
1676,1.9177035
1677,1.2365217
1678,1.7718121
1679,1.283735
1680,2.4914105
1681,3.9102437
1682,0.6968285
1683,3.95536
1684,3.1264727
1685,3.495021
1686,0.5595497
1687,2.164617
1688,2.131297
1689,0.97608936
1690,0.96782064
1691,0.8610283
1692,2.246382
1693,1.4883306
1694,0.5559906
1695,2.170625
1696,0.7572477
1697,1.955313
1698,1.6632165
1699,3.0566726
1700,2.2663734
1701,2.319828
1702,2.1455882
1703,1.392833
1704,0.9807044
1705,2.4672127
1706,5.025962
1707,1.2981216
1708,4.620763
1709,1.3252618
1710,2.1011963
1711,2.7227035
1712,0.68642485
1713,5.0229473
1714,3.1639009
1715,0.8908956
1716,1.1494427
1717,3.5212827
1718,2.1665447
1719,1.588069
1720,2.260704
1721,1.8236783
1722,0.4500871
1723,0.72308135
1724,1.2183841
1725,1.9263824
1726,1.1294214
1727,3.4846387
1728,3.9755054
1729,0.9988704
1730,4.7633715
1731,2.23804
1732,1.5393313
1733,1.635212
1734,0.55337465
1735,0.97692907
1736,0.67406607
1737,1.6131979
1738,0.76349914
1739,1.5588505
1740,1.7510086
1741,1.383464
1742,4.94686
1743,2.4294593
1744,1.5345197
1745,2.7472925
1746,1.4073151
1747,2.1590567
1748,2.425325
1749,2.8730514
1750,1.8693264
1751,0.64161634
1752,1.3462378
1753,2.7666316
1754,0.8813931
1755,2.4434824
1756,0.6823853
1757,1.2965246
1758,1.5204678
1759,3.307146
1760,1.5362289
1761,1.3698505
1762,1.3289726
1763,2.7630246
1764,1.2060331
1765,1.2405249
1766,0.9357859
1767,1.2049702
1768,0.91074324
1769,2.6615987
1770,1.293182
1771,1.6937568
1772,1.7557538
1773,4.593664
1774,1.921403
1775,4.5390844
1776,1.1096574
1777,1.5137285
1778,2.5141683
1779,0.57597756
1780,1.7907461
1781,2.172976
1782,1.2763557
1783,2.3503487
1784,3.3230822
1785,1.1770607
1786,1.4487158
1787,0.9810258
1788,2.1562445
1789,5.0333214
1790,5.028459
1791,1.4618834
1792,1.9262655
1793,1.3204718
1794,2.7104642
1795,1.1797059
1796,0.38266075
1797,1.3807067
1798,3.3043714
1799,3.3213487
1800,1.5899923
1801,1.3012339
1802,0.5810701
1803,3.5298295
1804,5.02554
1805,4.1281924
1806,1.9868972
1807,0.92704976
1808,1.4505228
1809,0.6903745
1810,1.3387249
1811,1.8627179
1812,2.7897277
1813,2.2643514
1814,3.1683125
1815,0.84945095
1816,2.907216
1817,1.8412449
1818,2.014058
1819,1.8837007
1820,2.9107382
1821,5.0226617
1822,0.8443674
1823,2.3710482
1824,1.2052975
1825,0.6847675
1826,0.56157684
1827,1.0098182
1828,2.5871599
1829,2.3595057
1830,1.1441278
1831,1.3540283
1832,3.4692974
1833,1.1224264
1834,0.8595809
1835,3.2263253
1836,2.9979906
1837,1.1263238
1838,0.55979097
1839,2.676677
1840,2.9464986
1841,2.3016996
1842,0.788517
1843,0.9855466
1844,1.6834357
1845,1.2833602
1846,1.451935
1847,0.88455
1848,1.4761113
1849,1.6309162
1850,1.3262551
1851,2.8337157
1852,1.3296944
1853,1.8931283
1854,3.2488751
1855,3.0330274
1856,1.7092637
1857,3.1369832
1858,2.6587393
1859,1.2337945
1860,2.141037
1861,3.0576315
1862,1.8964673
1863,2.099007
1864,1.2434567
1865,2.7958286
1866,0.68241596
1867,5.0288877
1868,1.1248063
1869,1.4123089
1870,1.8247625
1871,3.0612438
1872,0.9503577
1873,1.6231745
1874,2.37247
1875,1.8980083
1876,1.5400823
1877,0.8341987
1878,1.5994587
1879,0.92228293
1880,0.6878344
1881,1.6267412
1882,0.6351038
1883,1.5527877
1884,1.1516408
1885,4.2058067
1886,2.371435
1887,3.9631605
1888,2.1970353
1889,0.96736157
1890,2.0031474
1891,1.1077979
1892,0.9049612
1893,1.1214223
1894,1.5071511
1895,0.69840086
1896,3.3727763
1897,1.1451867
1898,0.74736035
1899,2.1357484
1900,2.4618487
1901,1.2080426
1902,2.4461863
1903,1.8179108
1904,1.0073544
1905,2.938923
1906,3.1350377
1907,3.3316915
1908,2.1874897
1909,2.229275
1910,5.023251
1911,1.4757596
1912,0.95112014
1913,1.0179996
1914,1.9227909
1915,2.2913206
1916,1.599487
1917,1.4114054
1918,4.1026034
1919,2.5713053
1920,1.4815836
1921,5.0291586
1922,2.3123207
1923,3.781385
1924,2.3643394
1925,0.5434197
1926,0.8940284
1927,1.9373931
1928,1.9436857
1929,2.3566904
1930,2.7255924
1931,2.062591
1932,1.4179574
1933,1.3150818
1934,0.7225281
1935,3.3011487
1936,1.6321965
1937,2.731902
1938,0.82092845
1939,1.9034256
1940,2.8139312
1941,1.4343182
1942,2.5536227
1943,0.7401109
1944,5.030136
1945,1.6080649
1946,0.6816952
1947,2.5487852
1948,4.451186
1949,5.0213003
1950,1.0581405
1951,2.769068
1952,1.8625666
1953,2.8246155
1954,1.8986152
1955,1.9457278
1956,2.6108847
1957,2.465774
1958,3.247435
1959,2.1392863
1960,2.9635415
1961,2.4086223
1962,1.3177707
1963,1.9826673
1964,1.6140456
1965,2.8191316
1966,1.4037542
1967,1.075675
1968,2.1305108
1969,2.0065475
1970,1.619363
1971,2.2258115
1972,5.0251627
1973,2.2695704
1974,1.4744996
1975,0.50471544
1976,2.5916438
1977,1.9696591
1978,2.2806668
1979,4.062915
1980,4.158611
1981,1.4156762
1982,1.604133
1983,1.6302825
1984,2.2132256
1985,0.84976935
1986,1.1182514
1987,1.6448107
1988,2.285512
1989,1.387522
1990,1.326138
1991,0.70143473
1992,1.9634812
1993,1.0994493
1994,3.7549834
1995,1.7816709
1996,0.92992043
1997,1.2546754
1998,0.84560156
1999,1.5753196
2000,0.7245177
2001,0.7468959
2002,1.4927686
2003,1.1364849
2004,0.82759607
2005,0.6824571
2006,4.1479373
2007,1.6263783
2008,1.2766742
2009,1.6584828
2010,3.020615
2011,2.3956904
2012,1.6268258
2013,1.2812784
2014,1.0769281
2015,1.7086589
2016,1.456238
2017,1.0217193
2018,3.4414368
2019,1.6739463
2020,2.2616894
2021,1.6929067
2022,1.4639313
2023,2.9468312
2024,1.7066729
2025,5.022622
2026,1.8488845
2027,0.9466288
2028,0.92280555
2029,2.5901036
2030,0.87049055
2031,1.511582
2032,2.1228864
2033,5.030738
2034,2.9792378
2035,0.9145378
2036,3.5428329
2037,1.743451
2038,1.0320144
2039,1.9168482
2040,0.63338125
2041,1.4235314
2042,3.5540557
2043,0.4701899
2044,2.312672
2045,1.5321778
2046,1.9484974
2047,1.6082202
2048,0.42446962
2049,2.3218844
2050,1.7471424
2051,3.3079038
2052,1.8651072
2053,1.5364629
2054,2.32176
2055,0.5422007
2056,0.9511243
2057,3.1557164
2058,1.5361125
2059,1.6311102
2060,5.024628
2061,0.52956986
2062,0.8737478
2063,1.3524952
2064,1.0382391
2065,2.9008162
2066,1.9973296
2067,0.49178267
2068,3.396556
2069,1.7460659
2070,1.0998385
2071,2.7460823
2072,2.5967417
2073,1.9326828
2074,2.2476978
2075,1.0332608
2076,4.007798
2077,1.609144
2078,1.775477
2079,2.303073
2080,1.6655298
2081,1.3645852
2082,1.7702504
2083,1.3403424
2084,2.2118778
2085,2.4032722
2086,2.2534702
2087,0.8911052
2088,1.5857501
2089,1.6732991
2090,2.3936481
2091,2.405972
2092,1.8577102
2093,0.6640512
2094,3.543403
2095,1.6974815
2096,2.2829828
2097,1.5499147
2098,1.219782
2099,0.51778466
2100,3.936493
2101,1.0674171
2102,0.93491757
2103,2.612335
2104,2.3522592
2105,3.3964567
2106,1.1182321
2107,1.7229625
2108,1.0815005
2109,1.3383969
2110,1.2109532
2111,1.7722813
2112,2.6260386
2113,2.9310567
2114,3.8289723
2115,0.6789155
2116,3.5984473
2117,1.6959007
2118,2.457233
2119,5.028328
2120,2.9650629
2121,2.8106673
2122,1.7017083
2123,1.778443
2124,2.300713
2125,0.9738022
2126,2.7291985
2127,2.1776314
2128,1.6593988
2129,0.8997334
2130,1.5731694
2131,2.0629063
2132,0.9777216
2133,2.1913104
2134,1.7710292
2135,1.5226423
2136,1.8284057
2137,3.2572055
2138,4.127131
2139,2.5552535
2140,1.3219342
2141,3.6829762
2142,1.0975788
2143,0.86264074
2144,0.6147491
2145,0.5270642
2146,3.975024
2147,2.7010486
2148,0.5803403
2149,2.2615454
2150,0.42704818
2151,2.1200356
2152,2.194447
2153,1.5783342
2154,1.0275936
2155,3.1873274
2156,1.0182002
2157,4.9939957
2158,1.321576
2159,1.5541128
2160,1.2050477
2161,2.3201027
2162,2.2239592
2163,4.6809845
2164,1.6203605
2165,1.5954882
2166,1.6361638
2167,2.751106
2168,2.6223085
2169,2.7834501
2170,0.54439634
2171,3.6958477
2172,1.7812551
2173,0.6980456
2174,2.3447042
2175,2.1896904
2176,1.7716922
2177,0.9721961
2178,1.3240968
2179,2.8811734
2180,2.2381203
2181,2.4812067
2182,0.6952647
2183,0.5891198
2184,1.2643907
2185,1.8423864
2186,1.0817957
2187,1.8093783
2188,2.1536064
2189,1.539203
2190,1.4738511
2191,2.3022497
2192,0.97729695
2193,1.7503015
2194,3.585867
2195,1.9119763
2196,0.99658
2197,5.022884
2198,1.2068324
2199,2.8529527
2200,1.715884
2201,1.7924362
2202,2.7769785
2203,2.7523944
2204,4.406953
2205,2.012726
2206,3.6763961
2207,2.847877
2208,2.3565416
2209,3.1314745
2210,1.4529141
2211,1.6187968
2212,0.980947
2213,1.9187217
2214,3.2705538
2215,0.75872993
2216,4.5709457
2217,0.9826026
2218,2.7019725
2219,0.7426754
2220,3.389591
2221,2.0533447
2222,2.530689
2223,1.886019
2224,1.4337956
2225,1.1742054
2226,0.79879427
2227,2.6623988
2228,0.65882134
2229,2.3305423
2230,3.8197389
2231,2.7525754
2232,3.308984
2233,4.3369093
2234,0.6311623
2235,2.1291785
2236,1.4630367
2237,0.34007093
2238,2.3880596
2239,0.7031721
2240,5.0267944
2241,1.203648
2242,2.4065576
2243,3.8869593
2244,1.2203721
2245,1.3208476
2246,4.197669
2247,1.1195011
2248,0.68393886
2249,1.881746
2250,0.9687426
2251,0.9959099
2252,1.6374874
2253,2.834616
2254,2.2380266
2255,3.244214
2256,3.380448
2257,1.8786117
2258,1.4706383
2259,1.3566421
2260,4.641676
2261,1.9361148
2262,1.0238315
2263,3.8455305
2264,1.3599719
2265,1.4740978
2266,2.2269416
2267,1.6600294
2268,5.036661
2269,0.7526654
2270,2.4307468
2271,1.6021776
2272,2.057882
2273,2.1555588
2274,1.4325417
2275,1.07043
2276,1.3814713
2277,1.1873333
2278,1.38981
2279,1.126825
2280,4.359187
2281,1.9053146
2282,2.418589
2283,1.9539752
2284,1.7461762
2285,1.2735393
2286,1.9140403
2287,1.4060106
2288,0.99449074
2289,0.54575765
2290,2.4532983
2291,0.8759531
2292,1.9187869
2293,5.023901
2294,1.7202054
2295,1.3618761
2296,1.8821235
2297,1.1328655
2298,1.4867868
2299,1.3658954
2300,1.4405508
2301,0.73563707
2302,5.0301704
2303,2.0057828
2304,1.1730015
2305,3.2421656
2306,1.8526576
2307,0.93482804
2308,2.3364892
2309,1.1412684
2310,2.1569397
2311,2.797037
2312,2.108365
2313,4.850437
2314,3.4355545
2315,1.8700129
2316,0.8304138
2317,1.5671782
2318,1.9932595
2319,2.3305824
2320,1.168746
2321,2.411808
2322,1.5706148
2323,1.833474
2324,2.3546255
2325,1.9062092
2326,0.9387963
2327,1.4482875
2328,5.028721
2329,2.424199
2330,0.4779949
2331,2.8754678
2332,1.6904335
2333,0.76581645
2334,2.0639777
2335,5.0256453
2336,0.87309384
2337,3.4553778
2338,1.3247184
2339,2.0383444
2340,1.4185171
2341,3.4183366
2342,2.7929323
2343,1.7999293
2344,0.41877973
2345,3.5988503
2346,5.0291133
2347,2.300246
2348,0.66504526
2349,1.2710698
2350,0.88383496
2351,1.1596638
2352,2.256028
2353,2.558282
2354,0.86833405
2355,0.6065761
2356,3.2790709
2357,1.349265
2358,1.7272362
2359,2.6533804
2360,0.9771844
2361,2.6079066
2362,5.0220623
2363,2.5106401
2364,3.3215487
2365,2.3933978
2366,1.9372731
2367,0.6087619
2368,5.0221868
2369,1.0419637
2370,0.723706
2371,1.8038094
2372,1.576646
2373,2.6924214
2374,2.87216
2375,2.7595906
2376,0.9518404
2377,3.1570814
2378,2.0167308
2379,2.7064297
2380,0.6495056
2381,1.3809344
2382,2.0454006
2383,1.3316277
2384,0.81044436
2385,1.97971
2386,4.376475
2387,1.854267
2388,1.0185953
2389,4.736824
2390,1.6201316
2391,1.4743813
2392,3.5881023
2393,2.7966607
2394,2.3362021
2395,0.65343964
2396,1.0245816
2397,1.1510448
2398,1.563994
2399,1.7340826
2400,3.1588569
2401,3.3853617
2402,1.4426744
2403,2.8547215
2404,4.080975
2405,1.2147171
2406,1.7587427
2407,3.6406016
2408,2.716214
2409,4.1557517
2410,1.0534289
2411,0.95709467
2412,1.091273
2413,1.5469759
2414,0.6983243
2415,3.0134296
2416,3.566678
2417,1.2510929
2418,0.51985025
2419,1.8235621
2420,2.3198097
2421,1.1103243
2422,1.3822138
2423,1.5036634
2424,1.3925582
2425,1.1265643
2426,1.1818745
2427,1.9766543
2428,2.3570848
2429,3.0497115
2430,2.1860628
2431,0.9218514
2432,0.75892305
2433,1.6951509
2434,5.0270185
2435,2.1585214
2436,1.2110395
2437,2.0397735
2438,2.9545565
2439,3.9287276
2440,1.4895916
2441,0.58446217
2442,1.8035882
2443,0.79475534
2444,1.3443867
2445,1.1385325
2446,2.1774988
2447,1.9064335
2448,2.5323844
2449,1.4250308
2450,2.8811736
2451,0.6872704
2452,0.5124044
2453,2.2112153
2454,0.96566427
2455,0.72263086
2456,1.3827871
2457,2.6122203
2458,1.8517432
2459,1.1874539
2460,2.2259023
2461,3.5033133
2462,3.8005772
2463,1.209857
2464,1.2257396
2465,0.5636312
2466,0.88626397
2467,1.2505805
2468,1.1286004
2469,1.5283421
2470,1.0021666
2471,0.6036458
2472,3.218306
2473,2.079403
2474,2.2122614
2475,1.553041
2476,0.8723271
2477,1.9729036
2478,0.9139401
2479,5.0342956
2480,1.1464778
2481,1.6068727
2482,1.8693879
2483,1.3584996
2484,2.4002824
2485,1.4091257
2486,3.2988362
2487,2.2369194
2488,2.339583
2489,2.0239303
2490,1.0547621
2491,1.2294573
2492,2.6196637
2493,0.6762334
2494,3.4409184
2495,3.237363
2496,2.9364839
2497,3.746583
2498,1.298864
2499,1.2207714
2500,0.7110212
2501,1.7289368
2502,0.8481128
2503,1.8379549
2504,4.606446
2505,0.89067554
2506,1.2745183
2507,2.261013
2508,2.052355
2509,5.0262547
2510,2.1569436
2511,1.6098999
2512,1.26045
2513,3.558092
2514,1.6396562
2515,1.1783221
2516,2.1796913
2517,1.006046
2518,1.935448
2519,1.4996363
2520,0.99824774
2521,0.48667303
2522,2.3665724
2523,1.8648802
2524,1.7144415
2525,3.1124191
2526,1.2079115
2527,0.68975914
2528,0.6178112
2529,2.221106
2530,2.894482
2531,2.4397464
2532,0.6601149
2533,1.3305835
2534,2.791841
2535,2.1062574
2536,5.029783
2537,2.9249973
2538,2.7096014
2539,2.3906717
2540,1.9355973
2541,0.68474627
2542,0.79068947
2543,0.6568459
2544,1.7261564
2545,4.1178093
2546,0.9065988
2547,3.6770997
2548,2.542955
2549,3.3693597
2550,1.4873196
2551,1.7523749
2552,3.4152563
2553,1.2947029
2554,1.9376572
2555,4.4893312
2556,1.6572996
2557,1.5124049
2558,1.4437202
2559,0.92002296
2560,1.3020934
2561,1.3349199
2562,2.5505657
2563,2.2620232
2564,1.4746256
2565,1.8400007
2566,1.6239493
2567,1.2719306
2568,0.62567246
2569,5.0277786
2570,0.72696733
2571,0.8614557
2572,2.56315
2573,2.565572
2574,1.630948
2575,1.4703054
2576,1.1844424
2577,2.5533292
2578,4.750021
2579,2.6949747
2580,1.3806399
2581,2.7950714
2582,0.8880254
2583,2.3755214
2584,1.645899
2585,3.2626743
2586,0.50667226
2587,3.3526063
2588,1.3958099
2589,2.5361423
2590,3.3150601
2591,1.768706
2592,2.2568803
2593,1.586533
2594,1.1802039
2595,0.96924984
2596,4.0066676
2597,0.85941434
2598,1.6054834
2599,1.2994848
2600,1.6782496
2601,1.5686705
2602,0.95869994
2603,0.6864134
2604,1.4673691
2605,2.2853994
2606,1.3512726
2607,3.9556217
2608,2.0588944
2609,2.3788195
2610,1.6272062
2611,2.2891204
2612,2.2596135
2613,1.8326093
2614,0.6704906
2615,3.338077
2616,2.6308823
2617,4.719574
2618,0.686273
2619,1.7335263
2620,2.294319
2621,1.6045676
2622,1.3785635
2623,1.0848413
2624,1.3483292
2625,0.5576979
2626,1.1768326
2627,1.141764
2628,4.087967
2629,4.1884494
2630,1.7872769
2631,0.9843073
2632,2.497404
2633,1.3293313
2634,1.7302415
2635,2.4540834
2636,1.1257449
2637,2.02848
2638,1.4429622
2639,1.5759896
2640,0.70984805
2641,2.8368728
2642,2.1900856
2643,1.5741644
2644,1.5105331
2645,2.4898098
2646,1.8184009
2647,3.3558948
2648,0.99620795
2649,3.4921517
2650,1.2114046
2651,2.7685845
2652,0.34604818
2653,3.4225023
2654,1.0277995
2655,1.809928
2656,1.6308886
2657,1.6371412
2658,1.114032
2659,0.9701632
2660,4.0072646
2661,5.0320926
2662,1.7698349
2663,1.3980653
2664,1.6292795
2665,1.9824569
2666,2.8452013
2667,0.8633342
2668,2.0095098
2669,1.6345422
2670,1.66249
2671,0.80519855
2672,2.3143923
2673,2.1165957
2674,1.1161236
2675,2.0372806
2676,1.2230608
2677,1.7309206
2678,1.5088881
2679,1.589578
2680,1.0916172
2681,1.6122928
2682,4.1352835
2683,3.5136504
2684,3.0990767
2685,0.7486353
2686,2.2860632
2687,1.8823785
2688,3.5171728
2689,1.3756704
2690,1.1363684
2691,2.2113874
2692,3.6985645
2693,3.8712487
2694,3.2812793
2695,2.6207712
2696,1.2258118
2697,0.85148096
2698,1.2716345
2699,1.4217452
2700,1.2259617
2701,1.413163
2702,0.9418411
2703,0.6675391
2704,1.1627108
2705,3.4673345
2706,1.4431679
2707,0.841532
2708,1.1553441
2709,0.7692014
2710,1.3325891
2711,1.3828026
2712,4.933444
2713,2.033891
2714,1.2038816
2715,1.0916364
2716,2.8648715
2717,1.1410505
2718,0.50798976
2719,1.7231417
2720,5.020665
2721,1.6267265
2722,5.025313
2723,1.2347972
2724,3.7717366
2725,2.5211353
2726,1.3043132
2727,4.525825
2728,1.1218241
2729,0.56940603
2730,2.1667507
2731,1.8859161
2732,2.2367706
2733,2.6938407
2734,1.9620769
2735,2.544034
2736,1.5375432
2737,2.2596292
2738,2.2672524
2739,1.1234795
2740,2.7636576
2741,0.55267704
2742,3.43898
2743,0.9892771
2744,1.2891763
2745,1.1312723
2746,2.8520954
2747,1.0118865
2748,0.41429764
2749,0.69262874
2750,2.6564078
2751,5.03062
2752,1.7369193
2753,1.6952533
2754,2.0758762
2755,2.7558942
2756,1.1525896
2757,2.8213303
2758,1.7888564
2759,2.4576392
2760,3.6458306
2761,1.1436387
2762,1.0390131
2763,0.8650402
2764,2.4419787
2765,1.5071809
2766,2.279588
2767,3.2855482
2768,0.7565148
2769,2.9721909
2770,2.77779
2771,1.4261793
2772,1.0374528
2773,2.888062
2774,1.6613009
2775,0.4447634
2776,1.9131259
2777,3.4433255
2778,5.033584
2779,1.0000072
2780,1.2395053
2781,5.022902
2782,0.5668732
2783,1.2354825
2784,3.0825765
2785,1.3341315
2786,2.7635164
2787,2.2126255
2788,2.735964
2789,1.2462901
2790,2.4708018
2791,0.554894
2792,1.1433059
2793,2.9072707
2794,0.58852375
2795,2.5685697
2796,4.0719066
2797,4.561133
2798,2.2855215
2799,1.5473924
2800,5.0239477
2801,3.862351
2802,1.0138428
2803,2.4717014
2804,0.96003175
2805,4.7919874
2806,1.7573007
2807,1.8595589
2808,1.6852659
2809,1.199911
2810,1.8151188
2811,2.6402779
2812,2.0939646
2813,1.1089358
2814,0.6977694
2815,1.8380091
2816,2.1092575
2817,1.5741426
2818,2.1656911
2819,2.1266034
2820,5.034091
2821,1.7025707
2822,5.024544
2823,3.4157848
2824,4.2910533
2825,1.0965611
2826,2.625488
2827,0.5937867
2828,2.2792501
2829,1.1063985
2830,0.95865524
2831,1.8842515
2832,2.7059731
2833,0.8690623
2834,0.6618092
2835,1.3349382
2836,1.1215323
2837,1.9613291
2838,0.73428845
2839,2.1859078
2840,1.5685273
2841,1.591874
2842,2.0498445
2843,0.8502004
2844,1.2722687
2845,2.1931257
2846,1.2154361
2847,0.9247626
2848,1.2134897
2849,1.1268768
2850,1.9907559
2851,3.3147237
2852,3.5212622
2853,1.8110818
2854,2.465163
2855,0.5883752
2856,3.4067228
2857,1.2064875
2858,3.4388604
2859,0.9936347
2860,2.264934
2861,5.0300207
2862,0.98121667
2863,3.1273358
2864,1.1867025
2865,3.0516171
2866,3.6618776
2867,1.0730991
2868,1.5224407
2869,1.675098
2870,3.3045645
2871,2.0810947
2872,1.1632128
2873,3.5155308
2874,1.6321291
2875,1.6438977
2876,3.3011546
2877,0.7521397
2878,3.1463907
2879,1.0815904
2880,2.2310486
2881,2.7242336
2882,1.7830285
2883,2.5625446
2884,1.0959111
2885,1.2238023
2886,5.0318723
2887,3.6464586
2888,0.5575603
2889,4.3855643
2890,4.375766
2891,2.2571702
2892,1.0593046
2893,0.94519675
2894,4.7348533
2895,0.67204547
2896,0.70312643
2897,1.1393774
2898,1.0117134
2899,0.59405386
2900,3.9668565
2901,1.4824611
2902,1.291609
2903,2.432454
2904,5.0278335
2905,2.4063072
2906,2.298164
2907,2.89677
2908,2.3003774
2909,1.73706
2910,2.7537615
2911,3.78492
2912,4.080835
2913,0.87798655
2914,1.8160836
2915,1.5258172
2916,0.9329549
2917,1.5272871
2918,4.6589985
2919,3.0150099
2920,0.56679344
2921,1.554506
2922,1.1945242
2923,0.5403521
2924,1.1375567
2925,1.0481765
2926,5.0269775
2927,4.4644995
2928,1.5573989
2929,3.3564162
2930,1.2605623
2931,1.2339362
2932,1.5654372
2933,0.4762771
2934,1.0125207
2935,1.7859999
2936,1.2977403
2937,0.6883272
2938,3.271922
2939,2.0050232
2940,2.0677671
2941,1.4497052
2942,1.9255728
2943,1.0580359
2944,0.9363941
2945,2.2572806
2946,1.1296705
2947,5.021718
2948,0.5854646
2949,2.7874665
2950,1.4034877
2951,0.4768582
2952,3.4084363
2953,1.6296178
2954,4.155195
2955,1.1408279
2956,1.6307906
2957,2.2539196
2958,5.024538
2959,1.5512415
2960,5.026497
2961,3.295625
2962,1.4443192
2963,3.5101647
2964,1.579366
2965,2.1417885
2966,0.9824767
2967,1.0016974
2968,2.5708435
2969,1.3119721
2970,1.9069825
2971,1.9439837
2972,3.83538
2973,2.0860279
2974,1.0112823
2975,1.6349474
2976,1.3707408
2977,0.9110215
2978,3.9015617
2979,1.2542784
2980,0.63600886
2981,0.6884073
2982,1.3340402
2983,3.4316194
2984,1.4222999
2985,1.5246123
2986,2.0059974
2987,1.139108
2988,2.481184
2989,1.013525
2990,5.023412
2991,2.9235315
2992,1.585477
2993,0.8807641
2994,2.4016984
2995,2.6863844
2996,1.64255
2997,0.71938086
2998,3.0268018
2999,1.9218535
3000,1.6302468
3001,3.3667946
3002,1.6307911
3003,0.77379453
3004,0.9223771
3005,0.9133872
3006,1.14908
3007,5.021229
3008,1.9622102
3009,1.1385652
3010,1.6283714
3011,2.2639225
3012,4.1377296
3013,1.6003308
3014,1.7901212
3015,1.9020914
3016,3.5510023
3017,1.0894163
3018,3.3488927
3019,2.3387642
3020,1.55553
3021,2.3669703
3022,1.8818249
3023,1.387679
3024,2.885951
3025,1.7301973
3026,5.021516
3027,1.7243239
3028,2.7647998
3029,1.9504215
3030,3.4126875
3031,5.03281
3032,1.5947312
3033,1.6684946
3034,2.0807889
3035,1.0420495
3036,2.904037
3037,1.1609412
3038,2.3055007
3039,0.9717772
3040,2.105362
3041,5.0277195
3042,1.7726225
3043,0.36528128
3044,3.1229653
3045,2.4486027
3046,1.8369573
3047,1.4094087
3048,0.9474753
3049,0.5661932
3050,0.65875554
3051,2.8851037
3052,3.5506344
3053,0.7730341
3054,1.2454615
3055,2.3757415
3056,0.81698096
3057,1.1501075
3058,2.5216038
3059,1.1093737
3060,1.6704693
3061,0.533211
3062,3.527711
3063,1.1681622
3064,1.8957101
3065,2.9234955
3066,0.876413
3067,2.6879823
3068,5.029318
3069,0.52514505
3070,1.9943813
3071,1.6641616
3072,0.98404014
3073,0.73838365
3074,1.9251369
3075,1.1520909
3076,0.35464436
3077,2.425992
3078,2.108916
3079,5.031734
3080,0.8235594
3081,0.9090735
3082,1.7819387
3083,0.83006465
3084,2.5063398
3085,1.4380637
3086,3.4604936
3087,4.403711
3088,0.6513257
3089,1.3669418
3090,2.2242503
3091,2.882918
3092,3.4913263
3093,1.0166625
3094,1.0151914
3095,3.0464616
